<?xml version="1.0" encoding="UTF-8" standalone="yes"?>
<webApiHaul xmlns:a="http://www.appian.com/ae/types/2009">
    <versionUuid>f3c8edad-cfcb-43d4-ab51-9d91cce4aa8a</versionUuid>
    <webApi a:uuid="71d5814c-9364-47fc-abef-97432b4b2bc9" name="Change Alias To ApiKey">
        <a:description></a:description>
        <a:expression>a!asSystem_appian_internal(
  fn!load(
    local!reqbody: #"SYSTEM_SYSRULES_fromJson_v1"(http!request.body),
    local!apiKeyResult: a!apikey_getApiKeys(),
    /*empty list is of variant, not api key dto*/
    local!apiKeys: fn!cast(
      'type!{http://www.appian.com/ae/types/2009}ApiKeyDto?list',
      fn!if(
        local!apiKeyResult.success,
        local!apiKeyResult.result,
        {}
      )
    ),
    local!designDeploymentConfig: #"SYSTEM_SYSRULES_admin_getConfigurationBindings"("conf.designDeployment"),
    local!designDeploymentProperties: local!designDeploymentConfig.properties,
    local!authAsUserUuid: local!designDeploymentProperties["AUTHENTICATE_AS_USER_UUID"],
    local!authAsUsername: #"SYSTEM_SYSRULES_admin_getUsernameFromUuid_appian_internal"(local!authAsUserUuid.value),
    local!filteredApiKeys: fn!filter(
      fn!lambda_appian_internal(
        ri!item,
        ri!item.serviceAccountName = local!authAsUsername
      ),
      local!apiKeys
    ),
    local!apiKeyId: local!filteredApiKeys[1].id,
    if(
      isnull(index(local!reqbody, "ApiKey", null)),
      #"SYSTEM_SYSRULES_httpResponse_v1"(
        statusCode: 400,
        headers: {
          #"SYSTEM_SYSRULES_httpHeader"(
            name: "Content-Type",
            value: "application/json"
          )
        },
        body: #"SYSTEM_SYSRULES_toJson_v1"(
          {
            error: "ApiKey is a mandatory input expected in request body"
          }
        )
      ),
      a!chainReaction(
        chain!editApiKeyResponse: a!externalReaction(
          "apiKey.editApiKeyAlias",
          local!apiKeyId,
          fn!tostring(index(local!reqbody, "ApiKey", null))
        ),
        #"SYSTEM_SYSRULES_httpResponse_v1"(
          statusCode: 200,
          headers: {
            #"SYSTEM_SYSRULES_httpHeader"(
              name: "Content-Type",
              value: "application/json"
            )
          },
          body: fn!tostring(index(local!reqbody, "ApiKey", null))
        )
      )
    )
  )
)</a:expression>
        <a:urlAlias>change-alias-to-api-key</a:urlAlias>
        <a:httpMethod>POST</a:httpMethod>
        <a:system>false</a:system>
        <a:requestBodyType>NONE</a:requestBodyType>
        <a:loggingEnabled>false</a:loggingEnabled>
    </webApi>
    <roleMap/>
    <typedValue>
        <type>
            <name>WebApiRequest?list</name>
            <namespace>http://www.appian.com/ae/types/2009</namespace>
        </type>
        <value>
            <el>
                <a:path/>
                <a:body/>
            </el>
        </value>
    </typedValue>
    <history>
        <historyInfo versionUuid="e102eeb9-069b-4178-8440-47f4f2c5da8b"/>
        <historyInfo versionUuid="f3c8edad-cfcb-43d4-ab51-9d91cce4aa8a"/>
    </history>
</webApiHaul>
