<?xml version="1.0" encoding="UTF-8" standalone="yes"?>
<webApiHaul xmlns:a="http://www.appian.com/ae/types/2009">
    <versionUuid>123c7dd9-015e-42e5-8397-2648114348fe</versionUuid>
    <webApi a:uuid="ca3ca334-e46b-4822-a57c-ea28872402cc" name="Enable External Dep">
        <a:description></a:description>
        <a:expression>fn!load(
  local!reqbody: #"SYSTEM_SYSRULES_fromJson_v1"(http!request.body),
  if(
    fn!or(
      isnull(index(local!reqbody, "ExternalAuthServiceAccount", null)),
      isnull(index(local!reqbody, "ApiKeyDescription", null)),
      isnull(index(local!reqbody, "DeployAsServiceAccount", null))
    ),
    #"SYSTEM_SYSRULES_httpResponse_v1"(
      statusCode: 400,
      headers: {
        #"SYSTEM_SYSRULES_httpHeader"(
          name: "Content-Type",
          value: "application/json"
        )
      },
      body: #"SYSTEM_SYSRULES_toJson_v1"(
        {
          error: "ExternalAuthServiceAccount, ApiKeyDescription, and DeployAsServiceAccount are mandatory input expected in request body"
        }
      )
    ),
    a!asSystem_appian_internal(
      a!chainReaction(
        chain!authAsServiceAcctResponse: #"SYSTEM_SYSRULES_createServiceAccountReaction"(
          username: index(
            local!reqbody,
            "ExternalAuthServiceAccount",
            null
          ) &amp; fn!rand(),
          createAsSysAdmin: fn!false()
        ),
        chain!apiKeyResponse: #"SYSTEM_SYSRULES_generateApiKeyReaction"(
          description: index(local!reqbody, "ApiKeyDescription", null) &amp; fn!rand(),
          serviceAccount: {
            fn!touser(chain!authAsServiceAcctResponse.result)
          },
          owner: "DESIGNER_APPLICATION",
          ownerId: fn!null()
        ),
        chain!deployAsServiceAcctResponse: #"SYSTEM_SYSRULES_createServiceAccountReaction"(
          username: index(
            local!reqbody,
            "DeployAsServiceAccount",
            null
          ) &amp; fn!rand(),
          createAsSysAdmin: fn!true()
        ),
        #"SYSTEM_SYSRULES_admin_setProperties_reaction"(
          namespace: "conf.designDeployment",
          properties: {
            ALLOW_EXTERNAL_DEPLOYMENTS: fn!true(),
            ALLOW_OUTGOING_EXTERNAL_DEPLOYMENT: fn!true(),
            AUTHENTICATE_AS_USER_UUID: fn!user(
              fn!touser(chain!authAsServiceAcctResponse.result),
              "uuid"
            ),
            DEPLOYMENT_USER_UUID: fn!user(
              fn!touser(
                chain!deployAsServiceAcctResponse.result
              ),
              "uuid"
            )
          }
        ),
        #"SYSTEM_SYSRULES_httpResponse_v1"(
          statusCode: 200,
          headers: {
            #"SYSTEM_SYSRULES_httpHeader"(
              name: "Content-Type",
              value: "application/json"
            )
          },
          body: chain!apiKeyResponse.result
        )
      )
    )
  )
)</a:expression>
        <a:urlAlias>enable-external-dep</a:urlAlias>
        <a:httpMethod>POST</a:httpMethod>
        <a:system>false</a:system>
        <a:requestBodyType>NONE</a:requestBodyType>
        <a:loggingEnabled>false</a:loggingEnabled>
    </webApi>
    <roleMap/>
    <typedValue>
        <type>
            <name>WebApiRequest?list</name>
            <namespace>http://www.appian.com/ae/types/2009</namespace>
        </type>
        <value>
            <el>
                <a:path/>
                <a:body/>
            </el>
        </value>
    </typedValue>
    <history>
        <historyInfo versionUuid="268ed437-c7cd-4c2d-8ed5-3fd09296c66e"/>
        <historyInfo versionUuid="123c7dd9-015e-42e5-8397-2648114348fe"/>
        <historyInfo versionUuid="d8e6b4d3-35a4-4302-b23a-13ae4ace5cc3"/>
    </history>
</webApiHaul>
