<?xml version="1.0" encoding="UTF-8" standalone="yes"?>
<webApiHaul xmlns:a="http://www.appian.com/ae/types/2009">
    <versionUuid>b9c7aa24-322c-44a0-a83a-1007bb5c9c22</versionUuid>
    <webApi a:uuid="e1f6a6c0-04a0-4dcf-959b-d496e00974c9" name="Get Auth As API Key">
        <a:description></a:description>
        <a:expression>a!asSystem_appian_internal(
  fn!load(
    local!apiKeyResult: a!apikey_getApiKeys(),
    /*empty list is of variant, not api key dto*/
    local!apiKeys: fn!cast(
      'type!{http://www.appian.com/ae/types/2009}ApiKeyDto?list',
      fn!if(
        local!apiKeyResult.success,
        local!apiKeyResult.result,
        {}
      )
    ),
    local!designDeploymentConfig: #"SYSTEM_SYSRULES_admin_getConfigurationBindings"("conf.designDeployment"),
    local!designDeploymentProperties: local!designDeploymentConfig.properties,
    local!authAsUserUuid: local!designDeploymentProperties["AUTHENTICATE_AS_USER_UUID"],
    local!authAsUsername: #"SYSTEM_SYSRULES_admin_getUsernameFromUuid_appian_internal"(local!authAsUserUuid.value),
    local!filteredApiKeys: fn!filter(
      fn!lambda_appian_internal(
        ri!item,
        ri!item.serviceAccountName = local!authAsUsername
      ),
      local!apiKeys
    ),

    local!alias: local!filteredApiKeys[1].alias,
    #"SYSTEM_SYSRULES_httpResponse_v1"(
      statusCode: 200,
      headers: {},
      body: local!alias
    )
  )
)</a:expression>
        <a:urlAlias>get-api-key</a:urlAlias>
        <a:httpMethod>GET</a:httpMethod>
        <a:system>false</a:system>
        <a:requestBodyType>NONE</a:requestBodyType>
        <a:loggingEnabled>false</a:loggingEnabled>
    </webApi>
    <roleMap/>
    <typedValue>
        <type>
            <name>WebApiRequest?list</name>
            <namespace>http://www.appian.com/ae/types/2009</namespace>
        </type>
        <value>
            <el>
                <a:path/>
                <a:body/>
            </el>
        </value>
    </typedValue>
    <history>
        <historyInfo versionUuid="b9c7aa24-322c-44a0-a83a-1007bb5c9c22"/>
        <historyInfo versionUuid="b774016d-9820-47fe-aacb-7ace1eac78f8"/>
    </history>
</webApiHaul>
