<?xml version="1.0" encoding="UTF-8" standalone="yes"?>
<applicationHaul xmlns:a="http://www.appian.com/ae/types/2009">
    <versionUuid>_a-0000ea52-9f9d-8000-d0bf-05ef9005ef90_8512</versionUuid>
    <application>
        <name>Enable Deployment API</name>
        <uuid>_a-0000ea4a-556b-8000-e2fe-01ef9001ef90_33486</uuid>
        <description></description>
        <parentUuid>SYSTEM_APPLICATIONS_ROOT</parentUuid>
        <visibility>
            <advertise>false</advertise>
            <hierarchy>true</hierarchy>
            <indexable>true</indexable>
            <quota>false</quota>
            <searchable>true</searchable>
            <system>false</system>
            <unlogged>false</unlogged>
        </visibility>
        <urlIdentifier>2xN5Kg</urlIdentifier>
        <published>false</published>
        <public>false</public>
        <prefix>EDA</prefix>
        <associatedObjects>
            <globalIdMap>
                <item>
                    <type>datatype</type>
                    <uuids/>
                </item>
                <item>
                    <type>dataStore</type>
                    <uuids/>
                </item>
                <item>
                    <type>user</type>
                    <uuids/>
                </item>
                <item>
                    <type>groupType</type>
                    <uuids/>
                </item>
                <item>
                    <type>group</type>
                    <uuids/>
                </item>
                <item>
                    <type>content</type>
                    <uuids/>
                </item>
                <item>
                    <type>forum</type>
                    <uuids/>
                </item>
                <item>
                    <type>processModelFolder</type>
                    <uuids/>
                </item>
                <item>
                    <type>processModel</type>
                    <uuids/>
                </item>
                <item>
                    <type>portlet</type>
                    <uuids/>
                </item>
                <item>
                    <type>page</type>
                    <uuids/>
                </item>
                <item>
                    <type>application</type>
                    <uuids/>
                </item>
                <item>
                    <type>tempoFeed</type>
                    <uuids/>
                </item>
                <item>
                    <type>recordType</type>
                    <uuids/>
                </item>
                <item>
                    <type>recordField</type>
                    <uuids/>
                </item>
                <item>
                    <type>recordRelationship</type>
                    <uuids/>
                </item>
                <item>
                    <type>tempoReport</type>
                    <uuids/>
                </item>
                <item>
                    <type>taskReport</type>
                    <uuids/>
                </item>
                <item>
                    <type>webApi</type>
                    <uuids>
                        <uuid>ca3ca334-e46b-4822-a57c-ea28872402cc</uuid>
                        <uuid>e1f6a6c0-04a0-4dcf-959b-d496e00974c9</uuid>
                        <uuid>71d5814c-9364-47fc-abef-97432b4b2bc9</uuid>
                    </uuids>
                </item>
                <item>
                    <type>site</type>
                    <uuids/>
                </item>
                <item>
                    <type>adminSetting</type>
                    <uuids/>
                </item>
                <item>
                    <type>thirdPartyCredentials</type>
                    <uuids/>
                </item>
                <item>
                    <type>dataSource</type>
                    <uuids/>
                </item>
                <item>
                    <type>embeddedSailTheme</type>
                    <uuids/>
                </item>
                <item>
                    <type>connectedSystem</type>
                    <uuids/>
                </item>
                <item>
                    <type>pluginInfo</type>
                    <uuids/>
                </item>
                <item>
                    <type>featureFlag</type>
                    <uuids/>
                </item>
                <item>
                    <type>designObjectReferenceImplementation</type>
                    <uuids/>
                </item>
                <item>
                    <type>aiSkill</type>
                    <uuids/>
                </item>
                <item>
                    <type>roboticTaskDesignObject</type>
                    <uuids/>
                </item>
                <item>
                    <type>robotPoolDesignObject</type>
                    <uuids/>
                </item>
                <item>
                    <type>portal</type>
                    <uuids/>
                </item>
                <item>
                    <type>translationSet</type>
                    <uuids/>
                </item>
            </globalIdMap>
        </associatedObjects>
        <applicationNavigation/>
        <applicationActions/>
        <associatedApplications>
            <globalIdMap>
                <item>
                    <type>datatype</type>
                    <uuids/>
                </item>
                <item>
                    <type>dataStore</type>
                    <uuids/>
                </item>
                <item>
                    <type>user</type>
                    <uuids/>
                </item>
                <item>
                    <type>groupType</type>
                    <uuids/>
                </item>
                <item>
                    <type>group</type>
                    <uuids/>
                </item>
                <item>
                    <type>content</type>
                    <uuids/>
                </item>
                <item>
                    <type>forum</type>
                    <uuids/>
                </item>
                <item>
                    <type>processModelFolder</type>
                    <uuids/>
                </item>
                <item>
                    <type>processModel</type>
                    <uuids/>
                </item>
                <item>
                    <type>portlet</type>
                    <uuids/>
                </item>
                <item>
                    <type>page</type>
                    <uuids/>
                </item>
                <item>
                    <type>application</type>
                    <uuids/>
                </item>
                <item>
                    <type>tempoFeed</type>
                    <uuids/>
                </item>
                <item>
                    <type>recordType</type>
                    <uuids/>
                </item>
                <item>
                    <type>recordField</type>
                    <uuids/>
                </item>
                <item>
                    <type>recordRelationship</type>
                    <uuids/>
                </item>
                <item>
                    <type>tempoReport</type>
                    <uuids/>
                </item>
                <item>
                    <type>taskReport</type>
                    <uuids/>
                </item>
                <item>
                    <type>webApi</type>
                    <uuids/>
                </item>
                <item>
                    <type>site</type>
                    <uuids/>
                </item>
                <item>
                    <type>adminSetting</type>
                    <uuids/>
                </item>
                <item>
                    <type>thirdPartyCredentials</type>
                    <uuids/>
                </item>
                <item>
                    <type>dataSource</type>
                    <uuids/>
                </item>
                <item>
                    <type>embeddedSailTheme</type>
                    <uuids/>
                </item>
                <item>
                    <type>connectedSystem</type>
                    <uuids/>
                </item>
                <item>
                    <type>pluginInfo</type>
                    <uuids/>
                </item>
                <item>
                    <type>featureFlag</type>
                    <uuids/>
                </item>
                <item>
                    <type>designObjectReferenceImplementation</type>
                    <uuids/>
                </item>
                <item>
                    <type>aiSkill</type>
                    <uuids/>
                </item>
                <item>
                    <type>roboticTaskDesignObject</type>
                    <uuids/>
                </item>
                <item>
                    <type>robotPoolDesignObject</type>
                    <uuids/>
                </item>
                <item>
                    <type>portal</type>
                    <uuids/>
                </item>
                <item>
                    <type>translationSet</type>
                    <uuids/>
                </item>
            </globalIdMap>
        </associatedApplications>
    </application>
    <roleMap>
        <contentRoleMap public="true">
            <role inherit="false" allowForAll="false" name="readers">
                <users/>
                <groups/>
            </role>
            <role inherit="false" allowForAll="false" name="authors">
                <users/>
                <groups/>
            </role>
            <role inherit="false" allowForAll="false" name="administrators">
                <users/>
                <groups/>
            </role>
            <role inherit="false" allowForAll="false" name="denyReaders">
                <users/>
                <groups/>
            </role>
            <role inherit="false" allowForAll="false" name="denyAuthors">
                <users/>
                <groups/>
            </role>
            <role inherit="false" allowForAll="false" name="denyAdministrators">
                <users/>
                <groups/>
            </role>
        </contentRoleMap>
    </roleMap>
    <defaultApplicationObjects/>
    <applicationDocumentation/>
    <history>
        <historyInfo versionUuid="_a-0000ea4a-556b-8000-e2fe-01ef9001ef90_33493"/>
        <historyInfo versionUuid="_a-0000ea4d-f558-8000-c4e8-01ef9001ef90_34599"/>
        <historyInfo versionUuid="_a-0000ea52-9f9d-8000-d0bf-05ef9005ef90_8460"/>
        <historyInfo versionUuid="_a-0000ea52-9f9d-8000-d0bf-05ef9005ef90_8512"/>
    </history>
    <postDeploymentProcessData/>
</applicationHaul>
